section,filename,order,width,sold,year,size,name_ca,name_es,name_en,technique_ca,technique_es,technique_en
PERSONAL,Jdfrigola_Obra_Postres_de_Music_01.jpg,1,12,yes,2024,20X30 CM,"Postres de músic (díptic, 1/2)",,,Oli sobre tela,Óleo sobre lienzo,Oil on canvas
PERSONAL,Jdfrigola_Obra_Postres_de_Music_02.jpg,2,12,yes,2024,20X30 CM,"Postres de músic (díptic, 2/2)",,,Oli sobre tela,Óleo sobre lienzo,Oil on canvas
PERSONAL,Jdfrigola_Obra_El_Menjador_De_Casa.jpg,3,16,yes,2024,60X90 CM,El menjador de casa,,,Oli sobre tela,Óleo sobre lienzo,Oil on canvas
PERSONAL,Jdfrigola_Obra_Has_Collit_Els_Caquis_Den_Jordi.jpg,4,22,no,2024,60X90 CM,Has collit els caquis d'en Jordi,,,Oli sobre tela,Óleo sobre lienzo,Oil on canvas
PERSONAL,Jdfrigola_Obra_Berenar_A_La_Fresca.jpg,5,20,no,2024,,Berenar a la fresca,,,Oli sobre tela,Óleo sobre lienzo,Oil on canvas
PERSONAL,Jdfrigola_Obra_L_Esmorzar_del_Manobre.jpg,6,20,no,2024,,L'esmorzar del manobre,,,Oli sobre tela,Óleo sobre lienzo,Oil on canvas
PERSONAL,Jdfrigola_Obra_Tomata_I_Ceba_Al_Cop_De_Puny.jpg,7,20,no,2024,,Tomata i ceba al cop de puny,,,Oli sobre tela,Óleo sobre lienzo,Oil on canvas
ACADEMICA,Jdfrigola_BAA_Autoretrat.jpg,1,15,no,2025,,Autoretrat,,,Oli sobre tela,Óleo sobre lienzo,Oil on canvas
ACADEMICA,Jdfrigola_BAA_Longpose_Julieta.jpg,2,14,no,2025,,Pose llarga (Julieta),,,Oli sobre tela,Óleo sobre lienzo,Oil on canvas
ACADEMICA,Jdfrigola_BAA_Longpose_Christian.jpg,3,14,no,2025,,Pose llarga (Christian),,,Oli sobre tela,Óleo sobre lienzo,Oil on canvas
ACADEMICA,Jdfrigola_BAA_Longpose_Mariana.jpg,4,14,no,2025,,Pose llarga (Mariana),,,Oli sobre tela,Óleo sobre lienzo,Oil on canvas
ACADEMICA,Jdfrigola_BAA_Longpose_Paul.jpg,5,14,no,2025,,Pose llarga (Paul),,,Oli sobre tela,Óleo sobre lienzo,Oil on canvas
ACADEMICA,Jdfrigola_BAA_Final_Project_Julieta.jpg,6,15,no,2026,,Projecte final (Julieta),,,Oli sobre tela,Óleo sobre lienzo,Oil on canvas
ACADEMICA,Jdfrigola_BAA_Still_Life_01.jpg,7,18,no,2025,,Natura morta,,,Oli sobre tela,Óleo sobre lienzo,Oil on canvas
ACADEMICA,Jdfrigola_BAA_Cast_Homer.jpg,8,13,no,2024,,Còpia d'Homer,,,Carbó sobre paper,Carboncillo sobre papel,Charcoal on paper
ACADEMICA,Jdfrigola_BAA_Cast_Carpeaux.jpg,9,13,no,2024,,Còpia de Carpeaux,,,Carbó sobre paper,Carboncillo sobre papel,Charcoal on paper
ACADEMICA,Jdfrigola_BAA_Cast_Escultura.jpg,10,13,no,2024,,Còpia d'escultura,,,Carbó sobre paper,Carboncillo sobre papel,Charcoal on paper
